﻿<?xml version="1.0" encoding="utf-8"?>
<abapGit version="v1.0.0" serializer="LCL_OBJECT_SUSO" serializer_version="v1.0.0">
 <asx:abap xmlns:asx="http://www.sap.com/abapxml" version="1.0">
  <asx:values>
   <TOBJ>
    <OBJCT>Z_CARRIR_R</OBJCT>
    <FIEL1>CARRID</FIEL1>
    <FIEL2>ACTVT</FIEL2>
    <OCLSS>ZACR</OCLSS>
   </TOBJ>
   <TOBJT>
    <LANGU>E</LANGU>
    <OBJECT>Z_CARRIR_R</OBJECT>
    <TTEXT>Airline Code - T100048</TTEXT>
   </TOBJT>
   <TACTZ>
    <TACTZ>
     <BROBJ>Z_CARRIR_R</BROBJ>
     <ACTVT>03</ACTVT>
    </TACTZ>
   </TACTZ>
  </asx:values>
 </asx:abap>
</abapGit>
